{
    "greeting": "Hi! I'm Laura Moye Ramirez",
    "greeting2": "Full-stack developer based in Canada.",
    "greeting3": "Graduated from La Cite College in 2025.",
    "contactBtn": "Contact me",
    "resume": "My resume",
    "about": "About me ",
    "about-texte": "I am a recently graduated full-stack developer. Throughout my studies, I have had the privilege of developing various applications that have contributed to my growth as a programmer, and I hope to continue working on various projects to further my technical knowledge.",
    "education": "Ontario College Diploma in computer science /programing from La Cite",
    "build": "I built more than 5 projects in my school career",
    "langages": "HTML, CSS, JavaScript React Js, Next Js , Node.js ,Java , C# and more",
    "tools": "Tools I use"

}