{
    "greeting": "Bienvenue , Je suis Laura Moye Ramirez !",
    "greeting2": "Développeur full-stack basé au Canada",
    "greeting3": "Diplômé du Collège La Cité en 2025",
    "contactBtn": "Contactez-moi",
    "resume": "Mon CV",
    "about": "À propos de moi",
    "about-texte": "Je suis une développeuse full-stack récemment diplômé. Tout au long de mes études, j'ai eu le privilège de développer diverses applications qui ont contribué à mon développement en tant que programmeuse, et j'espère continuer à travailler sur divers projets pour approfondir mes connaissances techniques.",
    "education": "Diplôme d'études collégiales de l'Ontario en informatique/programmation de La Cité",
    "build": "J'ai réalisé plus de 5 projets au cours de ma scolarité",
    "langages": "HTML, CSS, JavaScript React Js, Next Js , Node.js ,Java , C# et plus",
    "tools": "Outils que j'utilise"

}
  